{
  "mobile_api": {
    "name": "Mobile Number Search",
    "description": "Search mobile number information",
    "base_url": "https://software-jpeg-brochure-knowledgestorm.trycloudflare.com",
    "endpoint": "/search",
    "method": "GET",
    "requires_key": false,
    "timeout": 30,
    "parameters": {
      "mobile": "mobile"
    },
    "response_format": "json",
    "cost": 99.0,
    "active": true
  },
  "aadhar_api": {
    "name": "Aadhar Verification Service",
    "description": "Verify Aadhar card details",
    "base_url": "https://api.example.com",
    "endpoint": "/aadhar/verify",
    "method": "POST",
    "requires_key": true,
    "key_header": "X-API-Key",
    "key_name": "api_key",
    "timeout": 45,
    "parameters": {
      "aadhar": "aadhar_number"
    },
    "response_format": "json",
    "cost": 149.0,
    "active": false,
    "note": "Replace with your actual Aadhar API endpoint and get API key"
  },
  "vehicle_api": {
    "name": "Vehicle Information Service", 
    "description": "Get vehicle registration details",
    "base_url": "https://api.example.com",
    "endpoint": "/vehicle/search",
    "method": "GET",
    "requires_key": true,
    "key_header": "Authorization",
    "key_prefix": "Bearer ",
    "timeout": 30,
    "parameters": {
      "vehicle_number": "registration"
    },
    "response_format": "json",
    "cost": 49.63,
    "active": false,
    "note": "Replace with your actual Vehicle API endpoint and get API key"
  }
}